timestamp,emotion
2026-02-17 15:20:41.891837,Sad
2026-02-17 15:20:53.981713,Sad
2026-02-17 15:30:14.790875,Sad
2026-02-17 15:38:19.167008,Happy
2026-02-17 16:15:10.422333,happy
2026-02-18 18:47:28.499554,Happy
2026-02-18 19:01:55.043351,angry
2026-02-18 19:02:57.866496,neutral
2026-02-18 19:10:19.760003,neutral
2026-02-18 19:10:58.546562,neutral
2026-02-18 19:11:08.566323,happy
2026-02-18 19:11:40.025786,happy
2026-02-18 19:19:22.385953,happy
2026-02-18 19:19:28.892086,happy
2026-02-18 19:19:34.395246,surprise
2026-02-18 19:19:42.384076,surprise
2026-02-18 19:19:50.384215,neutral
2026-02-18 19:19:58.387043,happy
2026-02-18 19:20:06.382019,happy
2026-02-18 19:20:10.389173,happy
2026-02-18 19:20:14.392259,happy
2026-02-18 19:20:18.498891,happy
2026-02-18 19:20:26.484848,happy
2026-02-18 19:20:34.491012,happy
2026-02-18 19:20:38.670077,happy
2026-02-18 19:20:46.487524,happy
2026-02-18 19:20:52.312445,happy
2026-02-18 19:20:58.374997,happy
2026-02-18 19:21:02.377112,fear
2026-02-18 19:21:06.379290,neutral
2026-02-18 19:21:11.205741,angry
2026-02-18 19:21:18.388284,angry
2026-02-18 19:21:25.113931,angry
2026-02-18 19:21:30.374942,angry
2026-02-18 19:21:34.649879,angry
2026-02-18 19:21:38.824443,angry
2026-02-18 19:21:44.786957,angry
2026-02-18 19:21:50.383735,angry
2026-02-18 19:21:55.326504,angry
2026-02-18 19:22:00.695921,angry
2026-02-18 19:22:06.382418,angry
2026-02-18 19:22:14.379843,angry
2026-02-18 19:22:22.477726,angry
2026-02-18 19:22:26.477869,angry
2026-02-18 19:22:34.467723,angry
2026-02-18 19:22:38.484826,angry
2026-02-18 19:22:46.473473,angry
2026-02-18 19:22:50.482089,angry
2026-02-18 19:22:54.493344,angry
2026-02-18 19:23:02.473973,angry
2026-02-18 19:23:10.471262,angry
2026-02-18 19:23:14.481986,angry
2026-02-18 19:24:19.474126,angry
2026-02-18 19:25:20.451420,angry
2026-02-18 19:26:55.096869,neutral
2026-02-18 19:26:59.387173,neutral
2026-02-18 19:27:07.118750,happy
2026-02-18 19:27:15.086322,surprise
2026-02-18 19:27:19.117018,neutral
2026-02-18 19:27:27.086275,neutral
2026-02-18 19:27:31.097628,neutral
2026-02-18 19:28:05.149863,Happy
2026-02-18 19:29:25.396334,Happy
